"customer_id","end_of_month","closing_balance"
1,"2020-01-31 00:00:00+00","312"
1,"2020-03-31 00:00:00+00","-640"
2,"2020-01-31 00:00:00+00","549"
2,"2020-03-31 00:00:00+00","610"
3,"2020-01-31 00:00:00+00","144"
3,"2020-02-29 00:00:00+00","-821"
3,"2020-03-31 00:00:00+00","-1222"
3,"2020-04-30 00:00:00+00","-729"
4,"2020-01-31 00:00:00+00","848"
4,"2020-03-31 00:00:00+00","655"
5,"2020-01-31 00:00:00+00","954"
5,"2020-03-31 00:00:00+00","-1923"
5,"2020-04-30 00:00:00+00","-2413"
6,"2020-01-31 00:00:00+00","733"
6,"2020-02-29 00:00:00+00","-52"
6,"2020-03-31 00:00:00+00","340"
7,"2020-01-31 00:00:00+00","964"
7,"2020-02-29 00:00:00+00","3173"
7,"2020-03-31 00:00:00+00","2533"
7,"2020-04-30 00:00:00+00","2623"
8,"2020-01-31 00:00:00+00","587"
8,"2020-02-29 00:00:00+00","407"
8,"2020-03-31 00:00:00+00","-57"
8,"2020-04-30 00:00:00+00","-1029"
9,"2020-01-31 00:00:00+00","849"
9,"2020-02-29 00:00:00+00","654"
9,"2020-03-31 00:00:00+00","1584"
9,"2020-04-30 00:00:00+00","862"
10,"2020-01-31 00:00:00+00","-1622"
10,"2020-02-29 00:00:00+00","-1342"
10,"2020-03-31 00:00:00+00","-2753"
10,"2020-04-30 00:00:00+00","-5090"
11,"2020-01-31 00:00:00+00","-1744"
11,"2020-02-29 00:00:00+00","-2469"
11,"2020-03-31 00:00:00+00","-2088"
11,"2020-04-30 00:00:00+00","-2416"
12,"2020-01-31 00:00:00+00","92"
12,"2020-03-31 00:00:00+00","295"
13,"2020-01-31 00:00:00+00","780"
13,"2020-02-29 00:00:00+00","1279"
13,"2020-03-31 00:00:00+00","1405"
14,"2020-01-31 00:00:00+00","205"
14,"2020-02-29 00:00:00+00","821"
14,"2020-04-30 00:00:00+00","989"
15,"2020-01-31 00:00:00+00","379"
15,"2020-04-30 00:00:00+00","1102"
16,"2020-01-31 00:00:00+00","-1341"
16,"2020-02-29 00:00:00+00","-2893"
16,"2020-03-31 00:00:00+00","-4284"
16,"2020-04-30 00:00:00+00","-3422"
17,"2020-01-31 00:00:00+00","465"
17,"2020-02-29 00:00:00+00","-892"
18,"2020-01-31 00:00:00+00","757"
18,"2020-02-29 00:00:00+00","-424"
18,"2020-03-31 00:00:00+00","-842"
18,"2020-04-30 00:00:00+00","-815"
19,"2020-01-31 00:00:00+00","-12"
19,"2020-02-29 00:00:00+00","-251"
19,"2020-03-31 00:00:00+00","-301"
19,"2020-04-30 00:00:00+00","42"
20,"2020-01-31 00:00:00+00","465"
20,"2020-02-29 00:00:00+00","519"
20,"2020-03-31 00:00:00+00","776"
21,"2020-01-31 00:00:00+00","-204"
21,"2020-02-29 00:00:00+00","-764"
21,"2020-03-31 00:00:00+00","-1874"
21,"2020-04-30 00:00:00+00","-3253"
22,"2020-01-31 00:00:00+00","235"
22,"2020-02-29 00:00:00+00","-1039"
22,"2020-03-31 00:00:00+00","-149"
22,"2020-04-30 00:00:00+00","-1358"
23,"2020-01-31 00:00:00+00","94"
23,"2020-02-29 00:00:00+00","-314"
23,"2020-03-31 00:00:00+00","-156"
23,"2020-04-30 00:00:00+00","-678"
24,"2020-01-31 00:00:00+00","615"
24,"2020-02-29 00:00:00+00","813"
24,"2020-03-31 00:00:00+00","254"
25,"2020-01-31 00:00:00+00","174"
25,"2020-02-29 00:00:00+00","-400"
25,"2020-03-31 00:00:00+00","-1220"
25,"2020-04-30 00:00:00+00","-304"
26,"2020-01-31 00:00:00+00","638"
26,"2020-02-29 00:00:00+00","-31"
26,"2020-03-31 00:00:00+00","-622"
26,"2020-04-30 00:00:00+00","-1870"
27,"2020-01-31 00:00:00+00","-1189"
27,"2020-02-29 00:00:00+00","-713"
27,"2020-03-31 00:00:00+00","-3116"
28,"2020-01-31 00:00:00+00","451"
28,"2020-02-29 00:00:00+00","-818"
28,"2020-03-31 00:00:00+00","-1228"
28,"2020-04-30 00:00:00+00","272"
29,"2020-01-31 00:00:00+00","-138"
29,"2020-02-29 00:00:00+00","-76"
29,"2020-03-31 00:00:00+00","831"
29,"2020-04-30 00:00:00+00","-548"
30,"2020-01-31 00:00:00+00","33"
30,"2020-02-29 00:00:00+00","-431"
30,"2020-04-30 00:00:00+00","508"
31,"2020-01-31 00:00:00+00","83"
31,"2020-03-31 00:00:00+00","-141"
32,"2020-01-31 00:00:00+00","-89"
32,"2020-02-29 00:00:00+00","376"
32,"2020-03-31 00:00:00+00","-843"
32,"2020-04-30 00:00:00+00","-1001"
33,"2020-01-31 00:00:00+00","473"
33,"2020-02-29 00:00:00+00","-116"
33,"2020-03-31 00:00:00+00","1225"
33,"2020-04-30 00:00:00+00","989"
34,"2020-01-31 00:00:00+00","976"
34,"2020-02-29 00:00:00+00","-347"
34,"2020-03-31 00:00:00+00","-185"
35,"2020-01-31 00:00:00+00","507"
35,"2020-02-29 00:00:00+00","-821"
35,"2020-03-31 00:00:00+00","-1163"
36,"2020-01-31 00:00:00+00","149"
36,"2020-02-29 00:00:00+00","290"
36,"2020-03-31 00:00:00+00","1041"
36,"2020-04-30 00:00:00+00","427"
37,"2020-01-31 00:00:00+00","85"
37,"2020-02-29 00:00:00+00","902"
37,"2020-03-31 00:00:00+00","-1069"
37,"2020-04-30 00:00:00+00","-959"
38,"2020-01-31 00:00:00+00","367"
38,"2020-02-29 00:00:00+00","-465"
38,"2020-03-31 00:00:00+00","-798"
38,"2020-04-30 00:00:00+00","-1246"
39,"2020-01-31 00:00:00+00","1429"
39,"2020-02-29 00:00:00+00","2388"
39,"2020-03-31 00:00:00+00","2460"
39,"2020-04-30 00:00:00+00","2516"
40,"2020-01-31 00:00:00+00","347"
40,"2020-02-29 00:00:00+00","295"
40,"2020-03-31 00:00:00+00","659"
40,"2020-04-30 00:00:00+00","-208"
41,"2020-01-31 00:00:00+00","-46"
41,"2020-02-29 00:00:00+00","1379"
41,"2020-03-31 00:00:00+00","3441"
41,"2020-04-30 00:00:00+00","2525"
42,"2020-01-31 00:00:00+00","447"
42,"2020-02-29 00:00:00+00","1067"
42,"2020-03-31 00:00:00+00","-887"
42,"2020-04-30 00:00:00+00","-1886"
43,"2020-01-31 00:00:00+00","-201"
43,"2020-02-29 00:00:00+00","-406"
43,"2020-03-31 00:00:00+00","869"
43,"2020-04-30 00:00:00+00","545"
44,"2020-01-31 00:00:00+00","-690"
44,"2020-02-29 00:00:00+00","-19"
44,"2020-04-30 00:00:00+00","-339"
45,"2020-01-31 00:00:00+00","940"
45,"2020-02-29 00:00:00+00","-1152"
45,"2020-03-31 00:00:00+00","584"
46,"2020-01-31 00:00:00+00","522"
46,"2020-02-29 00:00:00+00","1388"
46,"2020-03-31 00:00:00+00","80"
46,"2020-04-30 00:00:00+00","104"
47,"2020-01-31 00:00:00+00","-1153"
47,"2020-02-29 00:00:00+00","-1283"
47,"2020-03-31 00:00:00+00","-2862"
47,"2020-04-30 00:00:00+00","-3169"
48,"2020-01-31 00:00:00+00","-2368"
48,"2020-02-29 00:00:00+00","-2972"
48,"2020-03-31 00:00:00+00","-3745"
49,"2020-01-31 00:00:00+00","-397"
49,"2020-02-29 00:00:00+00","-594"
49,"2020-03-31 00:00:00+00","-2556"
50,"2020-01-31 00:00:00+00","931"
50,"2020-02-29 00:00:00+00","-674"
50,"2020-03-31 00:00:00+00","275"
50,"2020-04-30 00:00:00+00","450"
51,"2020-01-31 00:00:00+00","301"
51,"2020-02-29 00:00:00+00","-97"
51,"2020-03-31 00:00:00+00","779"
51,"2020-04-30 00:00:00+00","1364"
52,"2020-01-31 00:00:00+00","1140"
52,"2020-02-29 00:00:00+00","2612"
53,"2020-01-31 00:00:00+00","22"
53,"2020-02-29 00:00:00+00","210"
53,"2020-03-31 00:00:00+00","-728"
53,"2020-04-30 00:00:00+00","227"
54,"2020-01-31 00:00:00+00","1658"
54,"2020-02-29 00:00:00+00","1629"
54,"2020-03-31 00:00:00+00","533"
54,"2020-04-30 00:00:00+00","968"
55,"2020-01-31 00:00:00+00","380"
55,"2020-02-29 00:00:00+00","-410"
55,"2020-03-31 00:00:00+00","349"
55,"2020-04-30 00:00:00+00","-513"
56,"2020-01-31 00:00:00+00","-67"
56,"2020-02-29 00:00:00+00","-1646"
56,"2020-03-31 00:00:00+00","-2075"
56,"2020-04-30 00:00:00+00","-3866"
57,"2020-01-31 00:00:00+00","414"
57,"2020-02-29 00:00:00+00","-101"
57,"2020-03-31 00:00:00+00","-866"
58,"2020-01-31 00:00:00+00","383"
58,"2020-02-29 00:00:00+00","1697"
58,"2020-03-31 00:00:00+00","-1196"
58,"2020-04-30 00:00:00+00","-635"
59,"2020-01-31 00:00:00+00","924"
59,"2020-02-29 00:00:00+00","2190"
59,"2020-03-31 00:00:00+00","1652"
59,"2020-04-30 00:00:00+00","798"
60,"2020-01-31 00:00:00+00","-189"
60,"2020-02-29 00:00:00+00","668"
60,"2020-03-31 00:00:00+00","-745"
60,"2020-04-30 00:00:00+00","-1169"
61,"2020-01-31 00:00:00+00","222"
61,"2020-02-29 00:00:00+00","323"
61,"2020-03-31 00:00:00+00","-1710"
61,"2020-04-30 00:00:00+00","-2237"
62,"2020-01-31 00:00:00+00","-212"
62,"2020-03-31 00:00:00+00","-763"
63,"2020-01-31 00:00:00+00","-332"
63,"2020-02-29 00:00:00+00","-953"
63,"2020-03-31 00:00:00+00","-3946"
64,"2020-01-31 00:00:00+00","2332"
64,"2020-02-29 00:00:00+00","1554"
64,"2020-03-31 00:00:00+00","245"
65,"2020-01-31 00:00:00+00","25"
65,"2020-03-31 00:00:00+00","-450"
65,"2020-04-30 00:00:00+00","-1381"
66,"2020-01-31 00:00:00+00","1971"
66,"2020-02-29 00:00:00+00","1492"
66,"2020-03-31 00:00:00+00","-517"
67,"2020-01-31 00:00:00+00","1593"
67,"2020-02-29 00:00:00+00","2565"
67,"2020-03-31 00:00:00+00","2050"
67,"2020-04-30 00:00:00+00","1222"
68,"2020-01-31 00:00:00+00","574"
68,"2020-02-29 00:00:00+00","278"
68,"2020-03-31 00:00:00+00","-456"
69,"2020-01-31 00:00:00+00","23"
69,"2020-02-29 00:00:00+00","-1944"
69,"2020-03-31 00:00:00+00","-2338"
69,"2020-04-30 00:00:00+00","-3085"
70,"2020-01-31 00:00:00+00","-584"
70,"2020-02-29 00:00:00+00","-63"
70,"2020-03-31 00:00:00+00","-1814"
71,"2020-01-31 00:00:00+00","128"
71,"2020-02-29 00:00:00+00","-673"
71,"2020-03-31 00:00:00+00","-1265"
72,"2020-01-31 00:00:00+00","796"
72,"2020-02-29 00:00:00+00","-803"
72,"2020-03-31 00:00:00+00","-1680"
72,"2020-04-30 00:00:00+00","-2327"
73,"2020-01-31 00:00:00+00","513"
74,"2020-01-31 00:00:00+00","229"
74,"2020-03-31 00:00:00+00","318"
75,"2020-01-31 00:00:00+00","234"
75,"2020-02-29 00:00:00+00","294"
76,"2020-01-31 00:00:00+00","925"
76,"2020-02-29 00:00:00+00","2081"
76,"2020-03-31 00:00:00+00","435"
77,"2020-01-31 00:00:00+00","120"
77,"2020-02-29 00:00:00+00","501"
77,"2020-03-31 00:00:00+00","797"
78,"2020-01-31 00:00:00+00","694"
78,"2020-02-29 00:00:00+00","-762"
78,"2020-03-31 00:00:00+00","-717"
78,"2020-04-30 00:00:00+00","-976"
79,"2020-01-31 00:00:00+00","521"
79,"2020-02-29 00:00:00+00","1380"
80,"2020-01-31 00:00:00+00","795"
80,"2020-02-29 00:00:00+00","1190"
80,"2020-03-31 00:00:00+00","622"
80,"2020-04-30 00:00:00+00","199"
81,"2020-01-31 00:00:00+00","403"
81,"2020-02-29 00:00:00+00","-957"
81,"2020-03-31 00:00:00+00","-1106"
81,"2020-04-30 00:00:00+00","-1984"
82,"2020-01-31 00:00:00+00","-3912"
82,"2020-02-29 00:00:00+00","-3986"
82,"2020-03-31 00:00:00+00","-3249"
82,"2020-04-30 00:00:00+00","-4614"
83,"2020-01-31 00:00:00+00","1099"
83,"2020-02-29 00:00:00+00","-692"
83,"2020-03-31 00:00:00+00","-742"
83,"2020-04-30 00:00:00+00","-377"
84,"2020-01-31 00:00:00+00","968"
84,"2020-03-31 00:00:00+00","609"
85,"2020-01-31 00:00:00+00","467"
85,"2020-03-31 00:00:00+00","1076"
85,"2020-04-30 00:00:00+00","646"
86,"2020-01-31 00:00:00+00","872"
86,"2020-02-29 00:00:00+00","-504"
86,"2020-03-31 00:00:00+00","93"
87,"2020-01-31 00:00:00+00","-365"
87,"2020-02-29 00:00:00+00","-1366"
87,"2020-03-31 00:00:00+00","-1563"
87,"2020-04-30 00:00:00+00","-1195"
88,"2020-01-31 00:00:00+00","-35"
88,"2020-02-29 00:00:00+00","752"
88,"2020-03-31 00:00:00+00","-736"
88,"2020-04-30 00:00:00+00","-820"
89,"2020-01-31 00:00:00+00","210"
89,"2020-02-29 00:00:00+00","-1679"
89,"2020-03-31 00:00:00+00","-2653"
89,"2020-04-30 00:00:00+00","-3147"
90,"2020-01-31 00:00:00+00","1772"
90,"2020-02-29 00:00:00+00","-1235"
90,"2020-03-31 00:00:00+00","-1624"
90,"2020-04-30 00:00:00+00","-1846"
91,"2020-01-31 00:00:00+00","-47"
91,"2020-02-29 00:00:00+00","-959"
91,"2020-03-31 00:00:00+00","-2660"
91,"2020-04-30 00:00:00+00","-2495"
92,"2020-01-31 00:00:00+00","985"
92,"2020-03-31 00:00:00+00","142"
93,"2020-01-31 00:00:00+00","399"
93,"2020-02-29 00:00:00+00","1103"
93,"2020-03-31 00:00:00+00","1186"
93,"2020-04-30 00:00:00+00","968"
94,"2020-01-31 00:00:00+00","-766"
94,"2020-02-29 00:00:00+00","-1496"
94,"2020-03-31 00:00:00+00","-1542"
95,"2020-01-31 00:00:00+00","217"
95,"2020-02-29 00:00:00+00","960"
95,"2020-03-31 00:00:00+00","1446"
96,"2020-01-31 00:00:00+00","1048"
96,"2020-02-29 00:00:00+00","1537"
96,"2020-03-31 00:00:00+00","942"
97,"2020-01-31 00:00:00+00","623"
97,"2020-02-29 00:00:00+00","-240"
97,"2020-03-31 00:00:00+00","-2483"
98,"2020-01-31 00:00:00+00","622"
98,"2020-02-29 00:00:00+00","287"
98,"2020-03-31 00:00:00+00","-95"
98,"2020-04-30 00:00:00+00","750"
99,"2020-01-31 00:00:00+00","949"
99,"2020-02-29 00:00:00+00","760"
99,"2020-03-31 00:00:00+00","737"
100,"2020-01-31 00:00:00+00","1081"
100,"2020-02-29 00:00:00+00","-497"
100,"2020-03-31 00:00:00+00","-1451"
101,"2020-01-31 00:00:00+00","-484"
101,"2020-02-29 00:00:00+00","-1324"
101,"2020-03-31 00:00:00+00","-2673"
102,"2020-01-31 00:00:00+00","917"
102,"2020-02-29 00:00:00+00","1428"
102,"2020-03-31 00:00:00+00","1865"
102,"2020-04-30 00:00:00+00","646"
103,"2020-01-31 00:00:00+00","240"
103,"2020-02-29 00:00:00+00","-850"
103,"2020-03-31 00:00:00+00","-2257"
104,"2020-01-31 00:00:00+00","615"
104,"2020-02-29 00:00:00+00","1087"
104,"2020-03-31 00:00:00+00","1190"
105,"2020-01-31 00:00:00+00","1014"
105,"2020-02-29 00:00:00+00","166"
105,"2020-03-31 00:00:00+00","27"
105,"2020-04-30 00:00:00+00","-186"
106,"2020-01-31 00:00:00+00","-109"
106,"2020-02-29 00:00:00+00","846"
106,"2020-03-31 00:00:00+00","-111"
106,"2020-04-30 00:00:00+00","-1462"
107,"2020-01-31 00:00:00+00","-144"
107,"2020-02-29 00:00:00+00","-690"
108,"2020-01-31 00:00:00+00","530"
108,"2020-02-29 00:00:00+00","738"
108,"2020-03-31 00:00:00+00","1546"
108,"2020-04-30 00:00:00+00","2680"
109,"2020-01-31 00:00:00+00","429"
109,"2020-02-29 00:00:00+00","2491"
110,"2020-01-31 00:00:00+00","1258"
110,"2020-02-29 00:00:00+00","1198"
110,"2020-03-31 00:00:00+00","2233"
111,"2020-01-31 00:00:00+00","101"
111,"2020-02-29 00:00:00+00","463"
111,"2020-03-31 00:00:00+00","99"
112,"2020-01-31 00:00:00+00","945"
112,"2020-02-29 00:00:00+00","893"
112,"2020-03-31 00:00:00+00","-116"
113,"2020-01-31 00:00:00+00","-511"
113,"2020-02-29 00:00:00+00","62"
113,"2020-03-31 00:00:00+00","12"
113,"2020-04-30 00:00:00+00","-1140"
114,"2020-01-31 00:00:00+00","743"
114,"2020-03-31 00:00:00+00","169"
114,"2020-04-30 00:00:00+00","1143"
115,"2020-01-31 00:00:00+00","144"
115,"2020-02-29 00:00:00+00","-845"
115,"2020-03-31 00:00:00+00","884"
115,"2020-04-30 00:00:00+00","-41"
116,"2020-01-31 00:00:00+00","167"
116,"2020-02-29 00:00:00+00","53"
116,"2020-03-31 00:00:00+00","543"
116,"2020-04-30 00:00:00+00","330"
117,"2020-01-31 00:00:00+00","-25"
117,"2020-02-29 00:00:00+00","-216"
117,"2020-03-31 00:00:00+00","-706"
118,"2020-01-31 00:00:00+00","-683"
118,"2020-02-29 00:00:00+00","-513"
118,"2020-03-31 00:00:00+00","-1427"
119,"2020-01-31 00:00:00+00","62"
119,"2020-03-31 00:00:00+00","-907"
119,"2020-04-30 00:00:00+00","-490"
120,"2020-01-31 00:00:00+00","824"
120,"2020-02-29 00:00:00+00","1913"
120,"2020-03-31 00:00:00+00","-900"
120,"2020-04-30 00:00:00+00","-1465"
121,"2020-01-31 00:00:00+00","1992"
121,"2020-02-29 00:00:00+00","1296"
121,"2020-03-31 00:00:00+00","-425"
122,"2020-01-31 00:00:00+00","314"
122,"2020-02-29 00:00:00+00","252"
122,"2020-03-31 00:00:00+00","1347"
122,"2020-04-30 00:00:00+00","1066"
123,"2020-01-31 00:00:00+00","-717"
123,"2020-02-29 00:00:00+00","-2277"
123,"2020-03-31 00:00:00+00","-1584"
123,"2020-04-30 00:00:00+00","-2128"
124,"2020-01-31 00:00:00+00","731"
124,"2020-02-29 00:00:00+00","1878"
124,"2020-03-31 00:00:00+00","1301"
125,"2020-01-31 00:00:00+00","-791"
125,"2020-02-29 00:00:00+00","-2479"
125,"2020-03-31 00:00:00+00","-2436"
126,"2020-01-31 00:00:00+00","-786"
126,"2020-02-29 00:00:00+00","-716"
126,"2020-03-31 00:00:00+00","-2822"
127,"2020-01-31 00:00:00+00","217"
127,"2020-02-29 00:00:00+00","703"
127,"2020-04-30 00:00:00+00","1672"
128,"2020-01-31 00:00:00+00","410"
128,"2020-02-29 00:00:00+00","144"
128,"2020-03-31 00:00:00+00","-776"
128,"2020-04-30 00:00:00+00","-202"
129,"2020-01-31 00:00:00+00","466"
129,"2020-02-29 00:00:00+00","-796"
129,"2020-03-31 00:00:00+00","68"
129,"2020-04-30 00:00:00+00","-2007"
130,"2020-01-31 00:00:00+00","-248"
130,"2020-02-29 00:00:00+00","-1160"
130,"2020-03-31 00:00:00+00","132"
131,"2020-01-31 00:00:00+00","480"
131,"2020-02-29 00:00:00+00","-983"
131,"2020-03-31 00:00:00+00","-152"
132,"2020-01-31 00:00:00+00","-1254"
132,"2020-02-29 00:00:00+00","-2844"
132,"2020-03-31 00:00:00+00","-5256"
132,"2020-04-30 00:00:00+00","-5585"
133,"2020-01-31 00:00:00+00","-356"
133,"2020-02-29 00:00:00+00","-368"
134,"2020-01-31 00:00:00+00","3194"
134,"2020-02-29 00:00:00+00","2748"
134,"2020-03-31 00:00:00+00","1768"
135,"2020-01-31 00:00:00+00","104"
135,"2020-02-29 00:00:00+00","977"
135,"2020-03-31 00:00:00+00","1001"
136,"2020-01-31 00:00:00+00","479"
136,"2020-02-29 00:00:00+00","966"
136,"2020-03-31 00:00:00+00","383"
136,"2020-04-30 00:00:00+00","-133"
137,"2020-01-31 00:00:00+00","396"
137,"2020-02-29 00:00:00+00","-356"
138,"2020-01-31 00:00:00+00","1316"
138,"2020-02-29 00:00:00+00","320"
138,"2020-03-31 00:00:00+00","75"
138,"2020-04-30 00:00:00+00","-775"
139,"2020-01-31 00:00:00+00","44"
139,"2020-02-29 00:00:00+00","504"
139,"2020-03-31 00:00:00+00","537"
140,"2020-01-31 00:00:00+00","803"
140,"2020-02-29 00:00:00+00","1526"
140,"2020-03-31 00:00:00+00","2345"
140,"2020-04-30 00:00:00+00","1495"
141,"2020-01-31 00:00:00+00","-369"
141,"2020-02-29 00:00:00+00","1483"
141,"2020-03-31 00:00:00+00","2113"
141,"2020-04-30 00:00:00+00","2538"
142,"2020-01-31 00:00:00+00","1378"
142,"2020-02-29 00:00:00+00","440"
142,"2020-03-31 00:00:00+00","217"
142,"2020-04-30 00:00:00+00","863"
143,"2020-01-31 00:00:00+00","807"
143,"2020-02-29 00:00:00+00","1625"
143,"2020-03-31 00:00:00+00","26"
143,"2020-04-30 00:00:00+00","-2457"
144,"2020-01-31 00:00:00+00","-735"
144,"2020-02-29 00:00:00+00","-3280"
144,"2020-03-31 00:00:00+00","-3046"
144,"2020-04-30 00:00:00+00","-4395"
145,"2020-01-31 00:00:00+00","-3051"
145,"2020-02-29 00:00:00+00","-1970"
145,"2020-03-31 00:00:00+00","-4119"
146,"2020-01-31 00:00:00+00","-807"
146,"2020-02-29 00:00:00+00","-3267"
146,"2020-03-31 00:00:00+00","-3781"
146,"2020-04-30 00:00:00+00","-3717"
147,"2020-01-31 00:00:00+00","600"
147,"2020-02-29 00:00:00+00","1698"
148,"2020-01-31 00:00:00+00","88"
148,"2020-02-29 00:00:00+00","-2467"
148,"2020-03-31 00:00:00+00","-2076"
148,"2020-04-30 00:00:00+00","-2730"
149,"2020-01-31 00:00:00+00","344"
149,"2020-02-29 00:00:00+00","321"
149,"2020-03-31 00:00:00+00","-202"
150,"2020-01-31 00:00:00+00","-600"
150,"2020-02-29 00:00:00+00","-1512"
150,"2020-03-31 00:00:00+00","-1604"
150,"2020-04-30 00:00:00+00","-2429"
151,"2020-01-31 00:00:00+00","1367"
151,"2020-02-29 00:00:00+00","5"
151,"2020-03-31 00:00:00+00","-887"
152,"2020-01-31 00:00:00+00","1831"
152,"2020-02-29 00:00:00+00","1902"
152,"2020-03-31 00:00:00+00","1984"
153,"2020-01-31 00:00:00+00","-1954"
153,"2020-02-29 00:00:00+00","-776"
153,"2020-03-31 00:00:00+00","-1695"
154,"2020-01-31 00:00:00+00","-1392"
154,"2020-02-29 00:00:00+00","-2340"
154,"2020-03-31 00:00:00+00","-2104"
154,"2020-04-30 00:00:00+00","-2555"
155,"2020-01-31 00:00:00+00","-996"
155,"2020-02-29 00:00:00+00","-2941"
155,"2020-03-31 00:00:00+00","-3377"
155,"2020-04-30 00:00:00+00","-4530"
156,"2020-01-31 00:00:00+00","82"
156,"2020-04-30 00:00:00+00","312"
157,"2020-01-31 00:00:00+00","138"
157,"2020-02-29 00:00:00+00","-611"
157,"2020-03-31 00:00:00+00","2766"
158,"2020-01-31 00:00:00+00","56"
158,"2020-02-29 00:00:00+00","-136"
158,"2020-03-31 00:00:00+00","-1106"
159,"2020-01-31 00:00:00+00","-301"
160,"2020-01-31 00:00:00+00","843"
160,"2020-02-29 00:00:00+00","543"
160,"2020-03-31 00:00:00+00","-69"
160,"2020-04-30 00:00:00+00","-307"
161,"2020-01-31 00:00:00+00","-1121"
161,"2020-02-29 00:00:00+00","-961"
161,"2020-03-31 00:00:00+00","-291"
162,"2020-01-31 00:00:00+00","123"
162,"2020-02-29 00:00:00+00","784"
163,"2020-01-31 00:00:00+00","-73"
163,"2020-02-29 00:00:00+00","-328"
163,"2020-03-31 00:00:00+00","-3116"
163,"2020-04-30 00:00:00+00","-3055"
164,"2020-01-31 00:00:00+00","548"
164,"2020-02-29 00:00:00+00","957"
165,"2020-01-31 00:00:00+00","-61"
165,"2020-02-29 00:00:00+00","-1088"
165,"2020-03-31 00:00:00+00","-3701"
165,"2020-04-30 00:00:00+00","-3931"
166,"2020-01-31 00:00:00+00","957"
166,"2020-02-29 00:00:00+00","1546"
166,"2020-03-31 00:00:00+00","1303"
166,"2020-04-30 00:00:00+00","1783"
167,"2020-01-31 00:00:00+00","51"
167,"2020-02-29 00:00:00+00","574"
167,"2020-03-31 00:00:00+00","-566"
167,"2020-04-30 00:00:00+00","-748"
168,"2020-01-31 00:00:00+00","114"
168,"2020-02-29 00:00:00+00","-801"
169,"2020-01-31 00:00:00+00","-569"
169,"2020-02-29 00:00:00+00","-1190"
169,"2020-03-31 00:00:00+00","9"
169,"2020-04-30 00:00:00+00","906"
170,"2020-01-31 00:00:00+00","-38"
170,"2020-02-29 00:00:00+00","-373"
170,"2020-03-31 00:00:00+00","-137"
170,"2020-04-30 00:00:00+00","-850"
171,"2020-01-31 00:00:00+00","-197"
171,"2020-02-29 00:00:00+00","-1400"
171,"2020-03-31 00:00:00+00","-1921"
171,"2020-04-30 00:00:00+00","-911"
172,"2020-01-31 00:00:00+00","-174"
172,"2020-03-31 00:00:00+00","-1038"
173,"2020-01-31 00:00:00+00","1298"
173,"2020-02-29 00:00:00+00","1398"
173,"2020-03-31 00:00:00+00","912"
173,"2020-04-30 00:00:00+00","121"
174,"2020-01-31 00:00:00+00","1142"
174,"2020-02-29 00:00:00+00","-98"
174,"2020-03-31 00:00:00+00","-1135"
174,"2020-04-30 00:00:00+00","644"
175,"2020-01-31 00:00:00+00","-326"
175,"2020-02-29 00:00:00+00","-755"
175,"2020-03-31 00:00:00+00","-1822"
175,"2020-04-30 00:00:00+00","-1549"
176,"2020-01-31 00:00:00+00","655"
176,"2020-02-29 00:00:00+00","605"
176,"2020-03-31 00:00:00+00","-531"
176,"2020-04-30 00:00:00+00","-1067"
177,"2020-01-31 00:00:00+00","405"
177,"2020-02-29 00:00:00+00","-156"
177,"2020-03-31 00:00:00+00","800"
177,"2020-04-30 00:00:00+00","-974"
178,"2020-01-31 00:00:00+00","252"
178,"2020-02-29 00:00:00+00","387"
178,"2020-03-31 00:00:00+00","390"
178,"2020-04-30 00:00:00+00","-1983"
179,"2020-01-31 00:00:00+00","-1754"
179,"2020-02-29 00:00:00+00","-3386"
179,"2020-03-31 00:00:00+00","-7953"
180,"2020-01-31 00:00:00+00","-838"
180,"2020-02-29 00:00:00+00","-1808"
180,"2020-03-31 00:00:00+00","-2804"
180,"2020-04-30 00:00:00+00","-3175"
181,"2020-01-31 00:00:00+00","-47"
181,"2020-02-29 00:00:00+00","-843"
181,"2020-03-31 00:00:00+00","-2640"
182,"2020-01-31 00:00:00+00","97"
182,"2020-02-29 00:00:00+00","-45"
182,"2020-03-31 00:00:00+00","-843"
182,"2020-04-30 00:00:00+00","-159"
183,"2020-01-31 00:00:00+00","-540"
183,"2020-02-29 00:00:00+00","-3729"
183,"2020-03-31 00:00:00+00","-6083"
183,"2020-04-30 00:00:00+00","-6560"
184,"2020-01-31 00:00:00+00","472"
184,"2020-02-29 00:00:00+00","-331"
184,"2020-03-31 00:00:00+00","-2530"
184,"2020-04-30 00:00:00+00","-3178"
185,"2020-01-31 00:00:00+00","626"
185,"2020-02-29 00:00:00+00","-11"
185,"2020-03-31 00:00:00+00","-1001"
185,"2020-04-30 00:00:00+00","-505"
186,"2020-01-31 00:00:00+00","534"
186,"2020-02-29 00:00:00+00","1345"
186,"2020-03-31 00:00:00+00","1930"
186,"2020-04-30 00:00:00+00","1284"
187,"2020-01-31 00:00:00+00","-211"
187,"2020-02-29 00:00:00+00","-1379"
187,"2020-03-31 00:00:00+00","-3060"
187,"2020-04-30 00:00:00+00","-2272"
188,"2020-01-31 00:00:00+00","-184"
188,"2020-02-29 00:00:00+00","1013"
188,"2020-03-31 00:00:00+00","52"
188,"2020-04-30 00:00:00+00","-475"
189,"2020-01-31 00:00:00+00","-838"
189,"2020-02-29 00:00:00+00","-2101"
189,"2020-03-31 00:00:00+00","-4007"
190,"2020-01-31 00:00:00+00","14"
190,"2020-02-29 00:00:00+00","459"
190,"2020-03-31 00:00:00+00","523"
190,"2020-04-30 00:00:00+00","1178"
191,"2020-01-31 00:00:00+00","1632"
191,"2020-02-29 00:00:00+00","1306"
191,"2020-03-31 00:00:00+00","1036"
191,"2020-04-30 00:00:00+00","879"
192,"2020-01-31 00:00:00+00","2526"
192,"2020-02-29 00:00:00+00","-689"
192,"2020-03-31 00:00:00+00","383"
192,"2020-04-30 00:00:00+00","1139"
193,"2020-01-31 00:00:00+00","689"
193,"2020-03-31 00:00:00+00","486"
194,"2020-01-31 00:00:00+00","137"
194,"2020-02-29 00:00:00+00","-2211"
194,"2020-03-31 00:00:00+00","178"
194,"2020-04-30 00:00:00+00","-697"
195,"2020-01-31 00:00:00+00","489"
195,"2020-03-31 00:00:00+00","406"
196,"2020-01-31 00:00:00+00","734"
196,"2020-02-29 00:00:00+00","1295"
196,"2020-03-31 00:00:00+00","1382"
197,"2020-01-31 00:00:00+00","-446"
197,"2020-02-29 00:00:00+00","137"
197,"2020-03-31 00:00:00+00","1023"
197,"2020-04-30 00:00:00+00","3685"
198,"2020-01-31 00:00:00+00","1144"
198,"2020-02-29 00:00:00+00","288"
198,"2020-03-31 00:00:00+00","-1253"
198,"2020-04-30 00:00:00+00","-757"
199,"2020-01-31 00:00:00+00","530"
199,"2020-02-29 00:00:00+00","515"
199,"2020-03-31 00:00:00+00","-14"
199,"2020-04-30 00:00:00+00","-220"
200,"2020-01-31 00:00:00+00","997"
200,"2020-02-29 00:00:00+00","1356"
200,"2020-03-31 00:00:00+00","2914"
200,"2020-04-30 00:00:00+00","2853"
201,"2020-01-31 00:00:00+00","-383"
201,"2020-02-29 00:00:00+00","-292"
201,"2020-03-31 00:00:00+00","1529"
202,"2020-01-31 00:00:00+00","-530"
202,"2020-02-29 00:00:00+00","-916"
202,"2020-03-31 00:00:00+00","-2415"
203,"2020-01-31 00:00:00+00","2528"
203,"2020-02-29 00:00:00+00","3471"
203,"2020-03-31 00:00:00+00","3461"
203,"2020-04-30 00:00:00+00","3437"
204,"2020-01-31 00:00:00+00","749"
204,"2020-02-29 00:00:00+00","1039"
204,"2020-03-31 00:00:00+00","1587"
204,"2020-04-30 00:00:00+00","1893"
205,"2020-01-31 00:00:00+00","-82"
205,"2020-02-29 00:00:00+00","1211"
205,"2020-03-31 00:00:00+00","1067"
206,"2020-01-31 00:00:00+00","-215"
206,"2020-02-29 00:00:00+00","-949"
206,"2020-03-31 00:00:00+00","-4974"
206,"2020-04-30 00:00:00+00","-5374"
207,"2020-01-31 00:00:00+00","322"
207,"2020-02-29 00:00:00+00","-1954"
207,"2020-03-31 00:00:00+00","-2152"
207,"2020-04-30 00:00:00+00","-1014"
208,"2020-01-31 00:00:00+00","537"
208,"2020-02-29 00:00:00+00","406"
208,"2020-04-30 00:00:00+00","1361"
209,"2020-01-31 00:00:00+00","-202"
209,"2020-02-29 00:00:00+00","-766"
209,"2020-03-31 00:00:00+00","-1266"
209,"2020-04-30 00:00:00+00","-2351"
210,"2020-01-31 00:00:00+00","60"
210,"2020-02-29 00:00:00+00","-1361"
210,"2020-03-31 00:00:00+00","-1309"
210,"2020-04-30 00:00:00+00","-792"
211,"2020-01-31 00:00:00+00","607"
211,"2020-02-29 00:00:00+00","1839"
211,"2020-03-31 00:00:00+00","257"
211,"2020-04-30 00:00:00+00","-602"
212,"2020-01-31 00:00:00+00","-336"
212,"2020-02-29 00:00:00+00","481"
212,"2020-03-31 00:00:00+00","3529"
213,"2020-01-31 00:00:00+00","-239"
213,"2020-02-29 00:00:00+00","-1199"
213,"2020-03-31 00:00:00+00","-1184"
213,"2020-04-30 00:00:00+00","-1717"
214,"2020-01-31 00:00:00+00","-445"
214,"2020-02-29 00:00:00+00","-1511"
214,"2020-03-31 00:00:00+00","83"
214,"2020-04-30 00:00:00+00","802"
215,"2020-01-31 00:00:00+00","822"
215,"2020-02-29 00:00:00+00","1770"
215,"2020-03-31 00:00:00+00","697"
215,"2020-04-30 00:00:00+00","414"
216,"2020-01-31 00:00:00+00","1619"
216,"2020-02-29 00:00:00+00","3302"
216,"2020-03-31 00:00:00+00","872"
216,"2020-04-30 00:00:00+00","-110"
217,"2020-01-31 00:00:00+00","870"
217,"2020-02-29 00:00:00+00","1839"
217,"2020-03-31 00:00:00+00","9"
218,"2020-01-31 00:00:00+00","208"
218,"2020-02-29 00:00:00+00","-1620"
218,"2020-03-31 00:00:00+00","-465"
218,"2020-04-30 00:00:00+00","1167"
219,"2020-01-31 00:00:00+00","165"
219,"2020-02-29 00:00:00+00","-845"
219,"2020-03-31 00:00:00+00","1108"
219,"2020-04-30 00:00:00+00","306"
220,"2020-01-31 00:00:00+00","307"
220,"2020-02-29 00:00:00+00","714"
220,"2020-03-31 00:00:00+00","-29"
220,"2020-04-30 00:00:00+00","-958"
221,"2020-01-31 00:00:00+00","1384"
221,"2020-02-29 00:00:00+00","1481"
221,"2020-03-31 00:00:00+00","1055"
222,"2020-01-31 00:00:00+00","657"
222,"2020-02-29 00:00:00+00","1997"
222,"2020-03-31 00:00:00+00","1136"
222,"2020-04-30 00:00:00+00","1532"
223,"2020-01-31 00:00:00+00","396"
223,"2020-02-29 00:00:00+00","-1100"
223,"2020-03-31 00:00:00+00","-1723"
223,"2020-04-30 00:00:00+00","-2435"
224,"2020-01-31 00:00:00+00","487"
224,"2020-02-29 00:00:00+00","-206"
224,"2020-03-31 00:00:00+00","-1581"
224,"2020-04-30 00:00:00+00","-1369"
225,"2020-01-31 00:00:00+00","280"
225,"2020-02-29 00:00:00+00","-89"
225,"2020-03-31 00:00:00+00","297"
226,"2020-01-31 00:00:00+00","-980"
226,"2020-02-29 00:00:00+00","-586"
226,"2020-03-31 00:00:00+00","-1855"
226,"2020-04-30 00:00:00+00","-1430"
227,"2020-01-31 00:00:00+00","-622"
227,"2020-02-29 00:00:00+00","-1045"
227,"2020-03-31 00:00:00+00","-2336"
227,"2020-04-30 00:00:00+00","-3161"
228,"2020-01-31 00:00:00+00","294"
228,"2020-02-29 00:00:00+00","-253"
228,"2020-03-31 00:00:00+00","-1724"
229,"2020-01-31 00:00:00+00","621"
229,"2020-02-29 00:00:00+00","1618"
229,"2020-03-31 00:00:00+00","703"
230,"2020-01-31 00:00:00+00","499"
230,"2020-02-29 00:00:00+00","990"
230,"2020-03-31 00:00:00+00","2428"
230,"2020-04-30 00:00:00+00","2356"
231,"2020-01-31 00:00:00+00","-236"
231,"2020-02-29 00:00:00+00","-534"
231,"2020-03-31 00:00:00+00","-2010"
231,"2020-04-30 00:00:00+00","-2475"
232,"2020-01-31 00:00:00+00","1418"
232,"2020-02-29 00:00:00+00","864"
232,"2020-03-31 00:00:00+00","923"
233,"2020-01-31 00:00:00+00","1795"
233,"2020-02-29 00:00:00+00","2910"
233,"2020-03-31 00:00:00+00","3742"
234,"2020-01-31 00:00:00+00","-200"
234,"2020-02-29 00:00:00+00","322"
234,"2020-03-31 00:00:00+00","-2276"
235,"2020-01-31 00:00:00+00","-1963"
235,"2020-02-29 00:00:00+00","-476"
235,"2020-03-31 00:00:00+00","24"
236,"2020-01-31 00:00:00+00","356"
236,"2020-02-29 00:00:00+00","1059"
236,"2020-03-31 00:00:00+00","924"
236,"2020-04-30 00:00:00+00","-100"
237,"2020-01-31 00:00:00+00","-174"
237,"2020-02-29 00:00:00+00","136"
237,"2020-03-31 00:00:00+00","1567"
237,"2020-04-30 00:00:00+00","812"
238,"2020-01-31 00:00:00+00","802"
238,"2020-02-29 00:00:00+00","1270"
238,"2020-04-30 00:00:00+00","-479"
239,"2020-01-31 00:00:00+00","-10"
239,"2020-02-29 00:00:00+00","706"
239,"2020-03-31 00:00:00+00","574"
239,"2020-04-30 00:00:00+00","1871"
240,"2020-01-31 00:00:00+00","1108"
240,"2020-02-29 00:00:00+00","754"
240,"2020-03-31 00:00:00+00","3200"
240,"2020-04-30 00:00:00+00","3075"
241,"2020-01-31 00:00:00+00","20"
242,"2020-01-31 00:00:00+00","1143"
242,"2020-02-29 00:00:00+00","-462"
242,"2020-03-31 00:00:00+00","-1891"
242,"2020-04-30 00:00:00+00","-3334"
243,"2020-01-31 00:00:00+00","-368"
243,"2020-03-31 00:00:00+00","979"
244,"2020-01-31 00:00:00+00","728"
244,"2020-02-29 00:00:00+00","1752"
244,"2020-03-31 00:00:00+00","1930"
244,"2020-04-30 00:00:00+00","877"
245,"2020-01-31 00:00:00+00","76"
245,"2020-02-29 00:00:00+00","-341"
245,"2020-03-31 00:00:00+00","-1791"
245,"2020-04-30 00:00:00+00","-1021"
246,"2020-01-31 00:00:00+00","506"
246,"2020-02-29 00:00:00+00","584"
246,"2020-03-31 00:00:00+00","277"
246,"2020-04-30 00:00:00+00","-2132"
247,"2020-01-31 00:00:00+00","983"
247,"2020-02-29 00:00:00+00","577"
247,"2020-03-31 00:00:00+00","297"
248,"2020-01-31 00:00:00+00","304"
248,"2020-02-29 00:00:00+00","667"
248,"2020-03-31 00:00:00+00","955"
248,"2020-04-30 00:00:00+00","1188"
249,"2020-01-31 00:00:00+00","336"
249,"2020-03-31 00:00:00+00","1065"
249,"2020-04-30 00:00:00+00","895"
250,"2020-01-31 00:00:00+00","149"
250,"2020-02-29 00:00:00+00","0"
250,"2020-03-31 00:00:00+00","177"
250,"2020-04-30 00:00:00+00","-1555"
251,"2020-01-31 00:00:00+00","1276"
251,"2020-02-29 00:00:00+00","-924"
251,"2020-03-31 00:00:00+00","-1230"
251,"2020-04-30 00:00:00+00","-1883"
252,"2020-01-31 00:00:00+00","289"
252,"2020-04-30 00:00:00+00","133"
253,"2020-01-31 00:00:00+00","-578"
253,"2020-02-29 00:00:00+00","-577"
253,"2020-03-31 00:00:00+00","-457"
253,"2020-04-30 00:00:00+00","-484"
254,"2020-01-31 00:00:00+00","36"
254,"2020-02-29 00:00:00+00","-2883"
254,"2020-03-31 00:00:00+00","-590"
255,"2020-01-31 00:00:00+00","253"
255,"2020-02-29 00:00:00+00","129"
255,"2020-03-31 00:00:00+00","-548"
256,"2020-01-31 00:00:00+00","1743"
256,"2020-02-29 00:00:00+00","906"
256,"2020-03-31 00:00:00+00","1152"
256,"2020-04-30 00:00:00+00","1094"
257,"2020-01-31 00:00:00+00","414"
257,"2020-02-29 00:00:00+00","-1609"
257,"2020-03-31 00:00:00+00","-472"
257,"2020-04-30 00:00:00+00","-976"
258,"2020-01-31 00:00:00+00","590"
258,"2020-02-29 00:00:00+00","-1076"
258,"2020-03-31 00:00:00+00","-2893"
258,"2020-04-30 00:00:00+00","-1465"
259,"2020-01-31 00:00:00+00","928"
259,"2020-02-29 00:00:00+00","-267"
259,"2020-03-31 00:00:00+00","-1458"
260,"2020-01-31 00:00:00+00","1865"
260,"2020-03-31 00:00:00+00","1909"
261,"2020-01-31 00:00:00+00","746"
261,"2020-02-29 00:00:00+00","1408"
261,"2020-03-31 00:00:00+00","-329"
261,"2020-04-30 00:00:00+00","-31"
262,"2020-01-31 00:00:00+00","-1070"
262,"2020-02-29 00:00:00+00","-2599"
262,"2020-03-31 00:00:00+00","-2372"
263,"2020-01-31 00:00:00+00","312"
263,"2020-02-29 00:00:00+00","112"
263,"2020-04-30 00:00:00+00","770"
264,"2020-01-31 00:00:00+00","770"
264,"2020-02-29 00:00:00+00","1545"
264,"2020-03-31 00:00:00+00","2088"
264,"2020-04-30 00:00:00+00","1295"
265,"2020-01-31 00:00:00+00","-25"
265,"2020-02-29 00:00:00+00","-1481"
265,"2020-03-31 00:00:00+00","-2592"
265,"2020-04-30 00:00:00+00","-1948"
266,"2020-01-31 00:00:00+00","651"
266,"2020-02-29 00:00:00+00","1455"
266,"2020-03-31 00:00:00+00","787"
266,"2020-04-30 00:00:00+00","1138"
267,"2020-01-31 00:00:00+00","-193"
267,"2020-02-29 00:00:00+00","-2068"
267,"2020-03-31 00:00:00+00","-5236"
267,"2020-04-30 00:00:00+00","-2442"
268,"2020-01-31 00:00:00+00","1699"
268,"2020-02-29 00:00:00+00","123"
268,"2020-03-31 00:00:00+00","270"
268,"2020-04-30 00:00:00+00","-218"
269,"2020-01-31 00:00:00+00","-2665"
269,"2020-02-29 00:00:00+00","-3985"
269,"2020-03-31 00:00:00+00","-2470"
269,"2020-04-30 00:00:00+00","-1864"
270,"2020-01-31 00:00:00+00","1395"
270,"2020-02-29 00:00:00+00","961"
270,"2020-03-31 00:00:00+00","599"
270,"2020-04-30 00:00:00+00","-442"
271,"2020-01-31 00:00:00+00","-1586"
271,"2020-02-29 00:00:00+00","272"
271,"2020-03-31 00:00:00+00","-616"
271,"2020-04-30 00:00:00+00","180"
272,"2020-01-31 00:00:00+00","-228"
272,"2020-02-29 00:00:00+00","-1673"
272,"2020-04-30 00:00:00+00","-1769"
273,"2020-01-31 00:00:00+00","876"
273,"2020-02-29 00:00:00+00","133"
273,"2020-03-31 00:00:00+00","-178"
273,"2020-04-30 00:00:00+00","308"
274,"2020-01-31 00:00:00+00","-780"
274,"2020-02-29 00:00:00+00","-582"
274,"2020-03-31 00:00:00+00","124"
275,"2020-01-31 00:00:00+00","211"
275,"2020-02-29 00:00:00+00","-1325"
275,"2020-03-31 00:00:00+00","-2973"
275,"2020-04-30 00:00:00+00","-3169"
276,"2020-01-31 00:00:00+00","-851"
276,"2020-02-29 00:00:00+00","-796"
276,"2020-03-31 00:00:00+00","-1944"
277,"2020-01-31 00:00:00+00","615"
277,"2020-02-29 00:00:00+00","1411"
277,"2020-03-31 00:00:00+00","1865"
278,"2020-01-31 00:00:00+00","1309"
278,"2020-02-29 00:00:00+00","1723"
278,"2020-03-31 00:00:00+00","2026"
278,"2020-04-30 00:00:00+00","3554"
279,"2020-01-31 00:00:00+00","1895"
279,"2020-02-29 00:00:00+00","3641"
279,"2020-03-31 00:00:00+00","4183"
279,"2020-04-30 00:00:00+00","4103"
280,"2020-01-31 00:00:00+00","-87"
280,"2020-02-29 00:00:00+00","-185"
280,"2020-03-31 00:00:00+00","-373"
281,"2020-01-31 00:00:00+00","220"
281,"2020-02-29 00:00:00+00","1055"
281,"2020-03-31 00:00:00+00","2192"
281,"2020-04-30 00:00:00+00","3004"
282,"2020-01-31 00:00:00+00","74"
282,"2020-02-29 00:00:00+00","-713"
282,"2020-03-31 00:00:00+00","-1661"
282,"2020-04-30 00:00:00+00","-1311"
283,"2020-01-31 00:00:00+00","-1201"
283,"2020-02-29 00:00:00+00","-2818"
283,"2020-03-31 00:00:00+00","-5721"
283,"2020-04-30 00:00:00+00","-7145"
284,"2020-01-31 00:00:00+00","257"
284,"2020-02-29 00:00:00+00","-2602"
284,"2020-03-31 00:00:00+00","-2826"
284,"2020-04-30 00:00:00+00","-3379"
285,"2020-01-31 00:00:00+00","360"
285,"2020-02-29 00:00:00+00","1358"
285,"2020-03-31 00:00:00+00","1965"
286,"2020-01-31 00:00:00+00","177"
286,"2020-02-29 00:00:00+00","171"
287,"2020-01-31 00:00:00+00","658"
287,"2020-02-29 00:00:00+00","829"
287,"2020-03-31 00:00:00+00","886"
287,"2020-04-30 00:00:00+00","-406"
288,"2020-01-31 00:00:00+00","778"
288,"2020-02-29 00:00:00+00","-867"
288,"2020-03-31 00:00:00+00","-515"
289,"2020-01-31 00:00:00+00","838"
289,"2020-02-29 00:00:00+00","-207"
289,"2020-03-31 00:00:00+00","-934"
289,"2020-04-30 00:00:00+00","-1059"
290,"2020-01-31 00:00:00+00","785"
290,"2020-02-29 00:00:00+00","1139"
290,"2020-03-31 00:00:00+00","2061"
290,"2020-04-30 00:00:00+00","21"
291,"2020-01-31 00:00:00+00","930"
291,"2020-04-30 00:00:00+00","531"
292,"2020-01-31 00:00:00+00","-3458"
292,"2020-02-29 00:00:00+00","-4646"
292,"2020-03-31 00:00:00+00","-4760"
293,"2020-01-31 00:00:00+00","-383"
293,"2020-02-29 00:00:00+00","-1452"
293,"2020-03-31 00:00:00+00","-1770"
293,"2020-04-30 00:00:00+00","-2500"
294,"2020-01-31 00:00:00+00","307"
294,"2020-02-29 00:00:00+00","1557"
294,"2020-03-31 00:00:00+00","707"
295,"2020-01-31 00:00:00+00","636"
295,"2020-02-29 00:00:00+00","496"
295,"2020-03-31 00:00:00+00","1430"
295,"2020-04-30 00:00:00+00","-177"
296,"2020-01-31 00:00:00+00","191"
296,"2020-02-29 00:00:00+00","1152"
296,"2020-03-31 00:00:00+00","1309"
296,"2020-04-30 00:00:00+00","2220"
297,"2020-01-31 00:00:00+00","550"
297,"2020-02-29 00:00:00+00","585"
297,"2020-03-31 00:00:00+00","1004"
297,"2020-04-30 00:00:00+00","1282"
298,"2020-01-31 00:00:00+00","278"
298,"2020-02-29 00:00:00+00","-580"
298,"2020-03-31 00:00:00+00","767"
298,"2020-04-30 00:00:00+00","1489"
299,"2020-01-31 00:00:00+00","961"
299,"2020-02-29 00:00:00+00","1246"
299,"2020-03-31 00:00:00+00","70"
300,"2020-01-31 00:00:00+00","672"
300,"2020-02-29 00:00:00+00","-949"
300,"2020-03-31 00:00:00+00","-2374"
300,"2020-04-30 00:00:00+00","-3179"
301,"2020-01-31 00:00:00+00","-906"
301,"2020-02-29 00:00:00+00","-1977"
301,"2020-03-31 00:00:00+00","-3636"
301,"2020-04-30 00:00:00+00","-3529"
302,"2020-01-31 00:00:00+00","-1499"
302,"2020-02-29 00:00:00+00","-2077"
302,"2020-03-31 00:00:00+00","-2410"
302,"2020-04-30 00:00:00+00","-1795"
303,"2020-01-31 00:00:00+00","332"
303,"2020-02-29 00:00:00+00","465"
303,"2020-03-31 00:00:00+00","-629"
303,"2020-04-30 00:00:00+00","-660"
304,"2020-01-31 00:00:00+00","152"
304,"2020-02-29 00:00:00+00","-1360"
304,"2020-03-31 00:00:00+00","-2420"
304,"2020-04-30 00:00:00+00","-2047"
305,"2020-01-31 00:00:00+00","20"
305,"2020-02-29 00:00:00+00","189"
305,"2020-03-31 00:00:00+00","-56"
306,"2020-01-31 00:00:00+00","402"
306,"2020-03-31 00:00:00+00","0"
306,"2020-04-30 00:00:00+00","1565"
307,"2020-01-31 00:00:00+00","-696"
307,"2020-02-29 00:00:00+00","750"
307,"2020-03-31 00:00:00+00","525"
307,"2020-04-30 00:00:00+00","62"
308,"2020-01-31 00:00:00+00","-561"
308,"2020-02-29 00:00:00+00","316"
308,"2020-03-31 00:00:00+00","710"
308,"2020-04-30 00:00:00+00","971"
309,"2020-01-31 00:00:00+00","-363"
309,"2020-02-29 00:00:00+00","-2404"
309,"2020-03-31 00:00:00+00","-1813"
309,"2020-04-30 00:00:00+00","-960"
310,"2020-01-31 00:00:00+00","860"
310,"2020-02-29 00:00:00+00","156"
310,"2020-03-31 00:00:00+00","3066"
311,"2020-01-31 00:00:00+00","310"
311,"2020-02-29 00:00:00+00","1006"
311,"2020-03-31 00:00:00+00","-955"
311,"2020-04-30 00:00:00+00","-1055"
312,"2020-01-31 00:00:00+00","485"
312,"2020-02-29 00:00:00+00","656"
312,"2020-03-31 00:00:00+00","-1065"
312,"2020-04-30 00:00:00+00","-2318"
313,"2020-01-31 00:00:00+00","901"
313,"2020-02-29 00:00:00+00","972"
313,"2020-03-31 00:00:00+00","-1311"
313,"2020-04-30 00:00:00+00","-34"
314,"2020-01-31 00:00:00+00","448"
314,"2020-02-29 00:00:00+00","-633"
314,"2020-03-31 00:00:00+00","91"
314,"2020-04-30 00:00:00+00","-249"
315,"2020-01-31 00:00:00+00","1295"
315,"2020-02-29 00:00:00+00","1349"
315,"2020-03-31 00:00:00+00","2287"
316,"2020-01-31 00:00:00+00","184"
316,"2020-02-29 00:00:00+00","-2483"
316,"2020-03-31 00:00:00+00","-3299"
317,"2020-01-31 00:00:00+00","869"
317,"2020-02-29 00:00:00+00","1232"
317,"2020-04-30 00:00:00+00","995"
318,"2020-01-31 00:00:00+00","321"
318,"2020-02-29 00:00:00+00","-342"
318,"2020-03-31 00:00:00+00","-1648"
319,"2020-01-31 00:00:00+00","83"
319,"2020-02-29 00:00:00+00","-703"
319,"2020-03-31 00:00:00+00","-488"
320,"2020-01-31 00:00:00+00","2426"
320,"2020-02-29 00:00:00+00","1909"
320,"2020-03-31 00:00:00+00","2239"
320,"2020-04-30 00:00:00+00","2851"
321,"2020-01-31 00:00:00+00","243"
321,"2020-02-29 00:00:00+00","-213"
321,"2020-04-30 00:00:00+00","572"
322,"2020-01-31 00:00:00+00","1949"
322,"2020-02-29 00:00:00+00","2471"
322,"2020-03-31 00:00:00+00","1811"
323,"2020-01-31 00:00:00+00","1323"
323,"2020-02-29 00:00:00+00","-1880"
323,"2020-03-31 00:00:00+00","-4196"
323,"2020-04-30 00:00:00+00","-5221"
324,"2020-01-31 00:00:00+00","203"
324,"2020-02-29 00:00:00+00","967"
324,"2020-03-31 00:00:00+00","1470"
325,"2020-01-31 00:00:00+00","60"
325,"2020-02-29 00:00:00+00","-1878"
325,"2020-03-31 00:00:00+00","-1862"
326,"2020-01-31 00:00:00+00","-211"
326,"2020-02-29 00:00:00+00","417"
327,"2020-01-31 00:00:00+00","919"
327,"2020-03-31 00:00:00+00","-164"
328,"2020-01-31 00:00:00+00","-1232"
328,"2020-02-29 00:00:00+00","-3426"
328,"2020-03-31 00:00:00+00","-4703"
328,"2020-04-30 00:00:00+00","-4559"
329,"2020-01-31 00:00:00+00","831"
329,"2020-02-29 00:00:00+00","2"
329,"2020-03-31 00:00:00+00","-626"
329,"2020-04-30 00:00:00+00","736"
330,"2020-01-31 00:00:00+00","826"
330,"2020-02-29 00:00:00+00","1099"
330,"2020-03-31 00:00:00+00","-666"
330,"2020-04-30 00:00:00+00","-1474"
331,"2020-01-31 00:00:00+00","-54"
331,"2020-02-29 00:00:00+00","-173"
331,"2020-03-31 00:00:00+00","-949"
332,"2020-01-31 00:00:00+00","202"
332,"2020-02-29 00:00:00+00","559"
332,"2020-03-31 00:00:00+00","494"
332,"2020-04-30 00:00:00+00","670"
333,"2020-01-31 00:00:00+00","-229"
333,"2020-02-29 00:00:00+00","-127"
333,"2020-03-31 00:00:00+00","567"
333,"2020-04-30 00:00:00+00","920"
334,"2020-01-31 00:00:00+00","1177"
334,"2020-02-29 00:00:00+00","2724"
334,"2020-03-31 00:00:00+00","2425"
334,"2020-04-30 00:00:00+00","1614"
335,"2020-01-31 00:00:00+00","570"
335,"2020-02-29 00:00:00+00","-354"
335,"2020-03-31 00:00:00+00","423"
336,"2020-01-31 00:00:00+00","543"
336,"2020-02-29 00:00:00+00","-595"
336,"2020-03-31 00:00:00+00","135"
336,"2020-04-30 00:00:00+00","599"
337,"2020-01-31 00:00:00+00","-264"
337,"2020-02-29 00:00:00+00","170"
337,"2020-03-31 00:00:00+00","1450"
337,"2020-04-30 00:00:00+00","1314"
338,"2020-01-31 00:00:00+00","262"
338,"2020-02-29 00:00:00+00","533"
338,"2020-03-31 00:00:00+00","2767"
338,"2020-04-30 00:00:00+00","1264"
339,"2020-01-31 00:00:00+00","-780"
339,"2020-02-29 00:00:00+00","1088"
339,"2020-03-31 00:00:00+00","625"
340,"2020-01-31 00:00:00+00","-1086"
340,"2020-02-29 00:00:00+00","276"
340,"2020-03-31 00:00:00+00","559"
340,"2020-04-30 00:00:00+00","1390"
341,"2020-01-31 00:00:00+00","345"
341,"2020-02-29 00:00:00+00","-873"
341,"2020-03-31 00:00:00+00","-2133"
341,"2020-04-30 00:00:00+00","-2094"
342,"2020-01-31 00:00:00+00","347"
342,"2020-02-29 00:00:00+00","-285"
342,"2020-03-31 00:00:00+00","503"
342,"2020-04-30 00:00:00+00","-135"
343,"2020-01-31 00:00:00+00","1339"
343,"2020-02-29 00:00:00+00","1653"
343,"2020-03-31 00:00:00+00","1841"
344,"2020-01-31 00:00:00+00","-932"
344,"2020-02-29 00:00:00+00","505"
344,"2020-03-31 00:00:00+00","1475"
345,"2020-01-31 00:00:00+00","-100"
345,"2020-02-29 00:00:00+00","-650"
345,"2020-03-31 00:00:00+00","-2288"
346,"2020-01-31 00:00:00+00","916"
346,"2020-02-29 00:00:00+00","-1052"
346,"2020-04-30 00:00:00+00","-3802"
347,"2020-01-31 00:00:00+00","394"
347,"2020-02-29 00:00:00+00","-775"
347,"2020-03-31 00:00:00+00","-1768"
348,"2020-01-31 00:00:00+00","-771"
348,"2020-02-29 00:00:00+00","114"
348,"2020-03-31 00:00:00+00","-155"
348,"2020-04-30 00:00:00+00","48"
349,"2020-01-31 00:00:00+00","-844"
349,"2020-02-29 00:00:00+00","-1040"
349,"2020-03-31 00:00:00+00","1309"
349,"2020-04-30 00:00:00+00","1964"
350,"2020-01-31 00:00:00+00","2200"
350,"2020-02-29 00:00:00+00","1080"
350,"2020-03-31 00:00:00+00","-174"
350,"2020-04-30 00:00:00+00","-1233"
351,"2020-01-31 00:00:00+00","90"
351,"2020-02-29 00:00:00+00","-1533"
351,"2020-03-31 00:00:00+00","-1860"
352,"2020-01-31 00:00:00+00","416"
352,"2020-02-29 00:00:00+00","-1612"
352,"2020-03-31 00:00:00+00","-1774"
352,"2020-04-30 00:00:00+00","-2269"
353,"2020-01-31 00:00:00+00","-555"
353,"2020-02-29 00:00:00+00","-1819"
353,"2020-03-31 00:00:00+00","-516"
354,"2020-01-31 00:00:00+00","822"
354,"2020-03-31 00:00:00+00","158"
355,"2020-01-31 00:00:00+00","-245"
355,"2020-02-29 00:00:00+00","-194"
355,"2020-03-31 00:00:00+00","-1137"
355,"2020-04-30 00:00:00+00","-852"
356,"2020-01-31 00:00:00+00","-1870"
356,"2020-02-29 00:00:00+00","-3929"
356,"2020-03-31 00:00:00+00","-6518"
356,"2020-04-30 00:00:00+00","-6882"
357,"2020-01-31 00:00:00+00","780"
357,"2020-02-29 00:00:00+00","878"
357,"2020-03-31 00:00:00+00","496"
357,"2020-04-30 00:00:00+00","-188"
358,"2020-01-31 00:00:00+00","-1062"
358,"2020-02-29 00:00:00+00","-619"
358,"2020-03-31 00:00:00+00","-883"
358,"2020-04-30 00:00:00+00","-708"
359,"2020-01-31 00:00:00+00","890"
359,"2020-02-29 00:00:00+00","1284"
359,"2020-03-31 00:00:00+00","3159"
359,"2020-04-30 00:00:00+00","2878"
360,"2020-01-31 00:00:00+00","-1306"
360,"2020-02-29 00:00:00+00","-427"
360,"2020-03-31 00:00:00+00","-1255"
360,"2020-04-30 00:00:00+00","-324"
361,"2020-01-31 00:00:00+00","340"
361,"2020-02-29 00:00:00+00","772"
362,"2020-01-31 00:00:00+00","416"
362,"2020-02-29 00:00:00+00","481"
362,"2020-03-31 00:00:00+00","-564"
362,"2020-04-30 00:00:00+00","615"
363,"2020-01-31 00:00:00+00","977"
363,"2020-02-29 00:00:00+00","-618"
363,"2020-03-31 00:00:00+00","-3065"
363,"2020-04-30 00:00:00+00","-2886"
364,"2020-01-31 00:00:00+00","-57"
364,"2020-02-29 00:00:00+00","-456"
364,"2020-03-31 00:00:00+00","1173"
364,"2020-04-30 00:00:00+00","811"
365,"2020-01-31 00:00:00+00","-68"
365,"2020-02-29 00:00:00+00","244"
365,"2020-03-31 00:00:00+00","-75"
365,"2020-04-30 00:00:00+00","-760"
366,"2020-01-31 00:00:00+00","-51"
366,"2020-02-29 00:00:00+00","-93"
366,"2020-03-31 00:00:00+00","-1305"
366,"2020-04-30 00:00:00+00","-1096"
367,"2020-01-31 00:00:00+00","239"
367,"2020-02-29 00:00:00+00","-467"
367,"2020-03-31 00:00:00+00","-3101"
367,"2020-04-30 00:00:00+00","-1697"
368,"2020-01-31 00:00:00+00","-526"
368,"2020-02-29 00:00:00+00","-3490"
368,"2020-03-31 00:00:00+00","-1476"
368,"2020-04-30 00:00:00+00","-2860"
369,"2020-01-31 00:00:00+00","266"
369,"2020-03-31 00:00:00+00","1679"
370,"2020-01-31 00:00:00+00","-2295"
370,"2020-02-29 00:00:00+00","-1635"
370,"2020-03-31 00:00:00+00","-1311"
370,"2020-04-30 00:00:00+00","-1496"
371,"2020-01-31 00:00:00+00","-134"
371,"2020-02-29 00:00:00+00","-154"
371,"2020-03-31 00:00:00+00","-5"
371,"2020-04-30 00:00:00+00","-1243"
372,"2020-01-31 00:00:00+00","2718"
372,"2020-02-29 00:00:00+00","1241"
372,"2020-03-31 00:00:00+00","-1625"
373,"2020-01-31 00:00:00+00","493"
373,"2020-02-29 00:00:00+00","277"
373,"2020-03-31 00:00:00+00","1057"
373,"2020-04-30 00:00:00+00","1451"
374,"2020-01-31 00:00:00+00","-457"
374,"2020-02-29 00:00:00+00","-1292"
374,"2020-03-31 00:00:00+00","-846"
375,"2020-01-31 00:00:00+00","647"
375,"2020-02-29 00:00:00+00","328"
375,"2020-03-31 00:00:00+00","-440"
375,"2020-04-30 00:00:00+00","-1291"
376,"2020-01-31 00:00:00+00","1614"
376,"2020-02-29 00:00:00+00","2515"
376,"2020-03-31 00:00:00+00","3062"
377,"2020-01-31 00:00:00+00","252"
377,"2020-02-29 00:00:00+00","-182"
377,"2020-04-30 00:00:00+00","-785"
378,"2020-01-31 00:00:00+00","484"
378,"2020-02-29 00:00:00+00","2424"
378,"2020-03-31 00:00:00+00","1590"
379,"2020-01-31 00:00:00+00","-35"
379,"2020-02-29 00:00:00+00","-268"
379,"2020-04-30 00:00:00+00","-1206"
380,"2020-01-31 00:00:00+00","-849"
380,"2020-02-29 00:00:00+00","-1481"
380,"2020-03-31 00:00:00+00","-3662"
381,"2020-01-31 00:00:00+00","66"
381,"2020-02-29 00:00:00+00","992"
381,"2020-03-31 00:00:00+00","278"
381,"2020-04-30 00:00:00+00","-597"
382,"2020-01-31 00:00:00+00","-687"
382,"2020-02-29 00:00:00+00","-1195"
382,"2020-03-31 00:00:00+00","-1141"
383,"2020-01-31 00:00:00+00","-36"
383,"2020-02-29 00:00:00+00","935"
383,"2020-03-31 00:00:00+00","-617"
383,"2020-04-30 00:00:00+00","913"
384,"2020-01-31 00:00:00+00","-10"
384,"2020-02-29 00:00:00+00","-2486"
384,"2020-03-31 00:00:00+00","-2527"
385,"2020-01-31 00:00:00+00","-1174"
385,"2020-03-31 00:00:00+00","-4693"
385,"2020-04-30 00:00:00+00","-4861"
386,"2020-01-31 00:00:00+00","1108"
386,"2020-02-29 00:00:00+00","759"
386,"2020-03-31 00:00:00+00","-766"
386,"2020-04-30 00:00:00+00","-3837"
387,"2020-01-31 00:00:00+00","1069"
387,"2020-03-31 00:00:00+00","2551"
387,"2020-04-30 00:00:00+00","2454"
388,"2020-01-31 00:00:00+00","2243"
388,"2020-02-29 00:00:00+00","1126"
388,"2020-03-31 00:00:00+00","1598"
388,"2020-04-30 00:00:00+00","1376"
389,"2020-01-31 00:00:00+00","-27"
389,"2020-02-29 00:00:00+00","490"
389,"2020-03-31 00:00:00+00","1214"
389,"2020-04-30 00:00:00+00","2005"
390,"2020-01-31 00:00:00+00","-705"
390,"2020-02-29 00:00:00+00","-2038"
390,"2020-03-31 00:00:00+00","-1929"
390,"2020-04-30 00:00:00+00","-2801"
391,"2020-01-31 00:00:00+00","603"
391,"2020-02-29 00:00:00+00","2"
391,"2020-03-31 00:00:00+00","272"
391,"2020-04-30 00:00:00+00","-90"
392,"2020-01-31 00:00:00+00","816"
392,"2020-02-29 00:00:00+00","2034"
392,"2020-03-31 00:00:00+00","1498"
392,"2020-04-30 00:00:00+00","1253"
393,"2020-01-31 00:00:00+00","659"
393,"2020-02-29 00:00:00+00","118"
393,"2020-03-31 00:00:00+00","1500"
393,"2020-04-30 00:00:00+00","639"
394,"2020-01-31 00:00:00+00","3268"
394,"2020-02-29 00:00:00+00","2644"
394,"2020-03-31 00:00:00+00","1420"
395,"2020-01-31 00:00:00+00","-1782"
395,"2020-02-29 00:00:00+00","-914"
395,"2020-03-31 00:00:00+00","-903"
395,"2020-04-30 00:00:00+00","-1723"
396,"2020-01-31 00:00:00+00","-909"
396,"2020-02-29 00:00:00+00","-550"
396,"2020-03-31 00:00:00+00","-2848"
397,"2020-01-31 00:00:00+00","973"
397,"2020-02-29 00:00:00+00","1106"
397,"2020-03-31 00:00:00+00","1709"
398,"2020-01-31 00:00:00+00","-429"
398,"2020-02-29 00:00:00+00","-3171"
398,"2020-03-31 00:00:00+00","-3401"
399,"2020-01-31 00:00:00+00","593"
399,"2020-02-29 00:00:00+00","-301"
399,"2020-03-31 00:00:00+00","-1488"
399,"2020-04-30 00:00:00+00","-1717"
400,"2020-01-31 00:00:00+00","155"
400,"2020-02-29 00:00:00+00","-409"
400,"2020-04-30 00:00:00+00","1338"
401,"2020-01-31 00:00:00+00","102"
401,"2020-02-29 00:00:00+00","-25"
401,"2020-03-31 00:00:00+00","83"
402,"2020-01-31 00:00:00+00","1478"
402,"2020-02-29 00:00:00+00","1599"
402,"2020-03-31 00:00:00+00","796"
403,"2020-01-31 00:00:00+00","303"
403,"2020-03-31 00:00:00+00","987"
403,"2020-04-30 00:00:00+00","1047"
404,"2020-01-31 00:00:00+00","-245"
404,"2020-02-29 00:00:00+00","-347"
404,"2020-03-31 00:00:00+00","-2484"
405,"2020-01-31 00:00:00+00","-2897"
405,"2020-02-29 00:00:00+00","-4125"
405,"2020-03-31 00:00:00+00","-6882"
405,"2020-04-30 00:00:00+00","-7070"
406,"2020-01-31 00:00:00+00","795"
406,"2020-02-29 00:00:00+00","1131"
406,"2020-03-31 00:00:00+00","2597"
406,"2020-04-30 00:00:00+00","2279"
407,"2020-01-31 00:00:00+00","7"
407,"2020-02-29 00:00:00+00","46"
407,"2020-03-31 00:00:00+00","-900"
407,"2020-04-30 00:00:00+00","-3275"
408,"2020-01-31 00:00:00+00","-145"
408,"2020-03-31 00:00:00+00","800"
408,"2020-04-30 00:00:00+00","-132"
409,"2020-01-31 00:00:00+00","155"
409,"2020-02-29 00:00:00+00","1371"
409,"2020-03-31 00:00:00+00","2455"
409,"2020-04-30 00:00:00+00","2623"
410,"2020-01-31 00:00:00+00","1025"
410,"2020-02-29 00:00:00+00","199"
410,"2020-03-31 00:00:00+00","-52"
411,"2020-01-31 00:00:00+00","551"
411,"2020-04-30 00:00:00+00","-981"
412,"2020-01-31 00:00:00+00","722"
412,"2020-02-29 00:00:00+00","608"
413,"2020-01-31 00:00:00+00","642"
413,"2020-02-29 00:00:00+00","1072"
413,"2020-04-30 00:00:00+00","801"
414,"2020-01-31 00:00:00+00","439"
414,"2020-03-31 00:00:00+00","1918"
415,"2020-01-31 00:00:00+00","331"
415,"2020-02-29 00:00:00+00","-586"
415,"2020-03-31 00:00:00+00","-4287"
416,"2020-01-31 00:00:00+00","756"
416,"2020-02-29 00:00:00+00","1715"
416,"2020-03-31 00:00:00+00","3324"
416,"2020-04-30 00:00:00+00","3898"
417,"2020-01-31 00:00:00+00","707"
417,"2020-02-29 00:00:00+00","-1079"
417,"2020-03-31 00:00:00+00","-1540"
417,"2020-04-30 00:00:00+00","-1847"
418,"2020-01-31 00:00:00+00","-499"
418,"2020-02-29 00:00:00+00","-996"
418,"2020-03-31 00:00:00+00","-1624"
418,"2020-04-30 00:00:00+00","-1828"
419,"2020-01-31 00:00:00+00","1193"
419,"2020-02-29 00:00:00+00","123"
419,"2020-03-31 00:00:00+00","-1280"
420,"2020-01-31 00:00:00+00","-280"
420,"2020-02-29 00:00:00+00","-2117"
420,"2020-03-31 00:00:00+00","-2457"
420,"2020-04-30 00:00:00+00","-2078"
421,"2020-01-31 00:00:00+00","-741"
421,"2020-02-29 00:00:00+00","-571"
421,"2020-03-31 00:00:00+00","-413"
421,"2020-04-30 00:00:00+00","312"
422,"2020-01-31 00:00:00+00","356"
422,"2020-02-29 00:00:00+00","-1661"
422,"2020-03-31 00:00:00+00","-1046"
422,"2020-04-30 00:00:00+00","-3357"
423,"2020-01-31 00:00:00+00","361"
423,"2020-02-29 00:00:00+00","-262"
423,"2020-03-31 00:00:00+00","1321"
424,"2020-01-31 00:00:00+00","-595"
424,"2020-02-29 00:00:00+00","-648"
424,"2020-03-31 00:00:00+00","-940"
424,"2020-04-30 00:00:00+00","-314"
425,"2020-01-31 00:00:00+00","63"
425,"2020-02-29 00:00:00+00","-505"
425,"2020-03-31 00:00:00+00","57"
425,"2020-04-30 00:00:00+00","-721"
426,"2020-01-31 00:00:00+00","-880"
426,"2020-02-29 00:00:00+00","-3802"
426,"2020-03-31 00:00:00+00","-4352"
426,"2020-04-30 00:00:00+00","-5352"
427,"2020-01-31 00:00:00+00","588"
427,"2020-02-29 00:00:00+00","1305"
427,"2020-03-31 00:00:00+00","676"
427,"2020-04-30 00:00:00+00","-316"
428,"2020-01-31 00:00:00+00","280"
428,"2020-02-29 00:00:00+00","687"
428,"2020-03-31 00:00:00+00","1217"
429,"2020-01-31 00:00:00+00","82"
429,"2020-02-29 00:00:00+00","473"
429,"2020-03-31 00:00:00+00","-46"
429,"2020-04-30 00:00:00+00","-901"
430,"2020-01-31 00:00:00+00","-8"
430,"2020-02-29 00:00:00+00","403"
430,"2020-03-31 00:00:00+00","-1326"
431,"2020-01-31 00:00:00+00","-400"
431,"2020-02-29 00:00:00+00","-1139"
432,"2020-01-31 00:00:00+00","392"
432,"2020-02-29 00:00:00+00","986"
432,"2020-03-31 00:00:00+00","963"
432,"2020-04-30 00:00:00+00","2435"
433,"2020-01-31 00:00:00+00","883"
433,"2020-02-29 00:00:00+00","1286"
433,"2020-03-31 00:00:00+00","660"
434,"2020-01-31 00:00:00+00","1123"
434,"2020-02-29 00:00:00+00","-117"
434,"2020-03-31 00:00:00+00","-2366"
434,"2020-04-30 00:00:00+00","-1815"
435,"2020-01-31 00:00:00+00","-1329"
435,"2020-02-29 00:00:00+00","-38"
435,"2020-03-31 00:00:00+00","-1176"
436,"2020-01-31 00:00:00+00","917"
436,"2020-02-29 00:00:00+00","886"
436,"2020-03-31 00:00:00+00","-676"
437,"2020-01-31 00:00:00+00","-361"
437,"2020-02-29 00:00:00+00","-1537"
437,"2020-03-31 00:00:00+00","-1318"
437,"2020-04-30 00:00:00+00","-1134"
438,"2020-01-31 00:00:00+00","1317"
438,"2020-02-29 00:00:00+00","2813"
438,"2020-03-31 00:00:00+00","1423"
439,"2020-01-31 00:00:00+00","430"
439,"2020-03-31 00:00:00+00","-381"
439,"2020-04-30 00:00:00+00","318"
440,"2020-01-31 00:00:00+00","-123"
440,"2020-02-29 00:00:00+00","146"
440,"2020-03-31 00:00:00+00","490"
441,"2020-01-31 00:00:00+00","-329"
441,"2020-02-29 00:00:00+00","745"
441,"2020-03-31 00:00:00+00","-669"
441,"2020-04-30 00:00:00+00","-798"
442,"2020-01-31 00:00:00+00","142"
442,"2020-02-29 00:00:00+00","-2898"
442,"2020-03-31 00:00:00+00","-4520"
442,"2020-04-30 00:00:00+00","-5499"
443,"2020-01-31 00:00:00+00","760"
443,"2020-02-29 00:00:00+00","710"
443,"2020-03-31 00:00:00+00","-359"
443,"2020-04-30 00:00:00+00","-11"
444,"2020-01-31 00:00:00+00","83"
444,"2020-02-29 00:00:00+00","-1178"
444,"2020-03-31 00:00:00+00","-499"
444,"2020-04-30 00:00:00+00","-820"
445,"2020-01-31 00:00:00+00","1364"
445,"2020-02-29 00:00:00+00","894"
445,"2020-03-31 00:00:00+00","724"
445,"2020-04-30 00:00:00+00","312"
446,"2020-01-31 00:00:00+00","412"
446,"2020-03-31 00:00:00+00","-53"
446,"2020-04-30 00:00:00+00","405"
447,"2020-01-31 00:00:00+00","1195"
447,"2020-02-29 00:00:00+00","41"
447,"2020-03-31 00:00:00+00","-1290"
448,"2020-01-31 00:00:00+00","1360"
448,"2020-02-29 00:00:00+00","-909"
448,"2020-03-31 00:00:00+00","-2042"
448,"2020-04-30 00:00:00+00","-2418"
449,"2020-01-31 00:00:00+00","-3100"
449,"2020-02-29 00:00:00+00","-3928"
449,"2020-03-31 00:00:00+00","-3045"
450,"2020-01-31 00:00:00+00","469"
450,"2020-02-29 00:00:00+00","-159"
450,"2020-03-31 00:00:00+00","-737"
450,"2020-04-30 00:00:00+00","-36"
451,"2020-01-31 00:00:00+00","910"
451,"2020-02-29 00:00:00+00","-1313"
451,"2020-03-31 00:00:00+00","-645"
451,"2020-04-30 00:00:00+00","-756"
452,"2020-01-31 00:00:00+00","1360"
452,"2020-02-29 00:00:00+00","1654"
452,"2020-03-31 00:00:00+00","1613"
453,"2020-01-31 00:00:00+00","638"
453,"2020-02-29 00:00:00+00","811"
453,"2020-03-31 00:00:00+00","-595"
453,"2020-04-30 00:00:00+00","117"
454,"2020-01-31 00:00:00+00","11"
454,"2020-02-29 00:00:00+00","2163"
454,"2020-03-31 00:00:00+00","2101"
455,"2020-01-31 00:00:00+00","329"
455,"2020-03-31 00:00:00+00","-231"
456,"2020-01-31 00:00:00+00","1314"
456,"2020-02-29 00:00:00+00","744"
456,"2020-03-31 00:00:00+00","-55"
456,"2020-04-30 00:00:00+00","12"
457,"2020-01-31 00:00:00+00","195"
457,"2020-02-29 00:00:00+00","-234"
457,"2020-03-31 00:00:00+00","-714"
457,"2020-04-30 00:00:00+00","-718"
458,"2020-01-31 00:00:00+00","715"
458,"2020-02-29 00:00:00+00","-653"
459,"2020-01-31 00:00:00+00","246"
459,"2020-02-29 00:00:00+00","-2912"
459,"2020-03-31 00:00:00+00","-2834"
460,"2020-01-31 00:00:00+00","80"
460,"2020-02-29 00:00:00+00","-1158"
460,"2020-03-31 00:00:00+00","-1175"
460,"2020-04-30 00:00:00+00","-327"
461,"2020-01-31 00:00:00+00","2267"
461,"2020-02-29 00:00:00+00","3431"
461,"2020-03-31 00:00:00+00","3212"
462,"2020-01-31 00:00:00+00","907"
462,"2020-02-29 00:00:00+00","-10"
462,"2020-03-31 00:00:00+00","-831"
462,"2020-04-30 00:00:00+00","-1395"
463,"2020-01-31 00:00:00+00","1166"
463,"2020-02-29 00:00:00+00","312"
463,"2020-03-31 00:00:00+00","673"
463,"2020-04-30 00:00:00+00","280"
464,"2020-01-31 00:00:00+00","953"
464,"2020-03-31 00:00:00+00","-511"
464,"2020-04-30 00:00:00+00","-1494"
465,"2020-01-31 00:00:00+00","955"
465,"2020-02-29 00:00:00+00","1989"
465,"2020-03-31 00:00:00+00","1506"
465,"2020-04-30 00:00:00+00","1350"
466,"2020-01-31 00:00:00+00","80"
466,"2020-02-29 00:00:00+00","-1979"
466,"2020-03-31 00:00:00+00","-2113"
467,"2020-01-31 00:00:00+00","1994"
467,"2020-02-29 00:00:00+00","3582"
467,"2020-03-31 00:00:00+00","2754"
467,"2020-04-30 00:00:00+00","1190"
468,"2020-01-31 00:00:00+00","39"
468,"2020-02-29 00:00:00+00","-155"
468,"2020-03-31 00:00:00+00","-917"
469,"2020-01-31 00:00:00+00","386"
469,"2020-02-29 00:00:00+00","2161"
469,"2020-03-31 00:00:00+00","-802"
469,"2020-04-30 00:00:00+00","-1537"
470,"2020-01-31 00:00:00+00","377"
470,"2020-02-29 00:00:00+00","-311"
471,"2020-01-31 00:00:00+00","781"
471,"2020-03-31 00:00:00+00","1238"
471,"2020-04-30 00:00:00+00","1887"
472,"2020-01-31 00:00:00+00","811"
472,"2020-02-29 00:00:00+00","-115"
472,"2020-03-31 00:00:00+00","32"
472,"2020-04-30 00:00:00+00","218"
473,"2020-01-31 00:00:00+00","-183"
473,"2020-02-29 00:00:00+00","-864"
473,"2020-03-31 00:00:00+00","-3630"
473,"2020-04-30 00:00:00+00","-5772"
474,"2020-01-31 00:00:00+00","928"
474,"2020-02-29 00:00:00+00","139"
474,"2020-03-31 00:00:00+00","-259"
475,"2020-01-31 00:00:00+00","-673"
475,"2020-02-29 00:00:00+00","-1966"
475,"2020-03-31 00:00:00+00","-5073"
476,"2020-01-31 00:00:00+00","-476"
476,"2020-02-29 00:00:00+00","-2003"
476,"2020-03-31 00:00:00+00","-3365"
476,"2020-04-30 00:00:00+00","-4972"
477,"2020-01-31 00:00:00+00","-3034"
477,"2020-02-29 00:00:00+00","-4592"
477,"2020-03-31 00:00:00+00","-6538"
478,"2020-01-31 00:00:00+00","-712"
478,"2020-02-29 00:00:00+00","2278"
478,"2020-03-31 00:00:00+00","2087"
479,"2020-01-31 00:00:00+00","320"
479,"2020-02-29 00:00:00+00","-327"
479,"2020-03-31 00:00:00+00","513"
480,"2020-01-31 00:00:00+00","522"
480,"2020-03-31 00:00:00+00","-235"
480,"2020-04-30 00:00:00+00","-165"
481,"2020-01-31 00:00:00+00","-1396"
481,"2020-02-29 00:00:00+00","-2905"
481,"2020-03-31 00:00:00+00","-3394"
482,"2020-01-31 00:00:00+00","386"
482,"2020-02-29 00:00:00+00","-687"
482,"2020-03-31 00:00:00+00","-1256"
483,"2020-01-31 00:00:00+00","2038"
483,"2020-03-31 00:00:00+00","-189"
483,"2020-04-30 00:00:00+00","1330"
484,"2020-01-31 00:00:00+00","871"
484,"2020-03-31 00:00:00+00","1796"
485,"2020-01-31 00:00:00+00","16"
485,"2020-02-29 00:00:00+00","1507"
485,"2020-03-31 00:00:00+00","2202"
486,"2020-01-31 00:00:00+00","-1632"
486,"2020-02-29 00:00:00+00","-2250"
486,"2020-03-31 00:00:00+00","-3108"
487,"2020-01-31 00:00:00+00","-572"
487,"2020-02-29 00:00:00+00","312"
487,"2020-03-31 00:00:00+00","162"
487,"2020-04-30 00:00:00+00","-330"
488,"2020-01-31 00:00:00+00","-243"
488,"2020-02-29 00:00:00+00","297"
488,"2020-03-31 00:00:00+00","-412"
488,"2020-04-30 00:00:00+00","-191"
489,"2020-01-31 00:00:00+00","556"
489,"2020-02-29 00:00:00+00","1808"
489,"2020-03-31 00:00:00+00","3342"
489,"2020-04-30 00:00:00+00","5338"
490,"2020-01-31 00:00:00+00","271"
490,"2020-02-29 00:00:00+00","342"
490,"2020-04-30 00:00:00+00","24"
491,"2020-01-31 00:00:00+00","-3"
491,"2020-02-29 00:00:00+00","298"
491,"2020-03-31 00:00:00+00","-2319"
492,"2020-01-31 00:00:00+00","-738"
492,"2020-02-29 00:00:00+00","-1399"
492,"2020-03-31 00:00:00+00","-2133"
493,"2020-01-31 00:00:00+00","845"
493,"2020-02-29 00:00:00+00","-824"
493,"2020-04-30 00:00:00+00","-738"
494,"2020-01-31 00:00:00+00","529"
494,"2020-02-29 00:00:00+00","909"
494,"2020-03-31 00:00:00+00","1447"
495,"2020-01-31 00:00:00+00","-286"
495,"2020-02-29 00:00:00+00","-1438"
495,"2020-03-31 00:00:00+00","-89"
496,"2020-01-31 00:00:00+00","47"
496,"2020-02-29 00:00:00+00","-3076"
496,"2020-03-31 00:00:00+00","-2426"
497,"2020-01-31 00:00:00+00","754"
497,"2020-02-29 00:00:00+00","1003"
497,"2020-03-31 00:00:00+00","1739"
497,"2020-04-30 00:00:00+00","2680"
498,"2020-01-31 00:00:00+00","1360"
498,"2020-02-29 00:00:00+00","2195"
498,"2020-03-31 00:00:00+00","2989"
498,"2020-04-30 00:00:00+00","3488"
499,"2020-01-31 00:00:00+00","-304"
499,"2020-02-29 00:00:00+00","1415"
499,"2020-03-31 00:00:00+00","599"
500,"2020-01-31 00:00:00+00","1594"
500,"2020-02-29 00:00:00+00","2981"
500,"2020-03-31 00:00:00+00","2251"
